Workbook
Name DataDiFine: 'Nota spese'!$D$5
Name DataInizio: 'Nota spese'!$D$4
Name CostoChilometrico: 'Nota spese'!$H$3

Sheet Nota spese
A1: Luca Martinelli | C1: Mayonese S.R.L.
C2: Strada Naviglio Alto 46/1, 42122, Parma (PR) | H2: TOTALE NOTA SPESE | K2: =K4+L4+K6+L6 -> 0
A3: Periodo di rif.: | B3: 01/07/26- 31/08/26 | C3: Modello Auto | D3: Tesla elettrica H5LD Model 3 | G3: Costo chilometrico: | H3: 0.4 | K3: RIMB. CHILOMETRICO | L3: PEDAGGI
C4: Targa | D4: GX477ZP | G4: Rimborso Forfettario | H4: 15 | K4: =H27 -> 0 | L4: =F27 -> 0
C5: Cilindrata / CV | D5: 1.600 cm³ / 80,56 kW | K5: PASTI/HOTEL/ALTRO | L5: RIMB.FORFETTARIO
C6: Alimentazione | D6: Elettrica | K6: =I27 -> 0 | L6: =E27 -> 0
A8: Num | B8: Data | C8: Cliente/Progetto | D8: Descrizione | E8: Rimb. Forfettario | F8: Pedaggi | G8: KM Percorsi | H8: Rimb.Chilometrico | I8: Altro | J8: Totale
A9: 1 | H9: ='Nota spese'!$G9*CostoChilometrico -> 0 | J9: =E9+F9+H9+I9 -> 0
A10: 2 | H10: ='Nota spese'!$G10*CostoChilometrico -> 0 | J10: =E10+F10+H10+I10 -> 0
A11: 3 | H11: ='Nota spese'!$G11*CostoChilometrico -> 0 | J11: =E11+F11+H11+I11 -> 0
A12: 4 | H12: ='Nota spese'!$G12*CostoChilometrico -> 0 | J12: =E12+F12+H12+I12 -> 0
A13: 5 | H13: ='Nota spese'!$G13*CostoChilometrico -> 0 | J13: =E13+F13+H13+I13 -> 0
A14: 6 | H14: ='Nota spese'!$G14*CostoChilometrico -> 0 | J14: =E14+F14+H14+I14 -> 0
A15: 7 | H15: ='Nota spese'!$G15*CostoChilometrico -> 0 | J15: =E15+F15+H15+I15 -> 0
A16: 8 | H16: ='Nota spese'!$G16*CostoChilometrico -> 0 | J16: =E16+F16+H16+I16 -> 0
A17: 9 | H17: ='Nota spese'!$G17*CostoChilometrico -> 0 | J17: =E17+F17+H17+I17 -> 0
A18: 10 | H18: ='Nota spese'!$G18*CostoChilometrico -> 0 | J18: =E18+F18+H18+I18 -> 0
A19: 11 | H19: ='Nota spese'!$G19*CostoChilometrico -> 0 | J19: =E19+F19+H19+I19 -> 0
A20: 12 | H20: ='Nota spese'!$G20*CostoChilometrico -> 0 | J20: =E20+F20+H20+I20 -> 0
... A26: 18 | H26: ='Nota spese'!$G26*CostoChilometrico -> 0 | J26: =E26+F26+H26+I26 -> 0
E27: =SUM(E9:E26) -> 0 | F27: =SUM(F9:F26) -> 0 | H27: =SUM(H9:H26) -> 0 | I27: =SUM(I9:I26) -> 0 | J27: =SUM(J9:J26) -> 0
